titles,views,posted time ago
Traditional Dates Processing | Chohara Kesy Banta Hai | How to Make dry Dates | Village Food Secrets,45K views,6 hours ago
A Day in The Life Of A Labourer | Mubashir Saddique | Village Food Secrets,305K views,4 weeks ago
PAKOLA MILK SHAKE Ice Pakola Juice | Refreshing Street Drink Pakola Doodh Soda | Village Food Secret,269K views,1 month ago
Online Business without Investment | Mubashir Saddique,117K views,1 month ago
Mela Mein Milnain Wala Chicken Pakora | Naan Pakora | Dhood Jalebi | Shakarparay | Soji Ki Methai,486K views,1 month ago
Balochistan Main Petrol Aur Diesel Ka Chashma | Yahan Se Roz 40 Litre Petrol Aur Diesel Nikalta Hai,933K views,1 month ago
The Fire Mountain In Pakistan | Yahan Per Log Picnic K Liye Atay Hain Is Aag Per Khana Pakatay Hain,978K views,1 month ago
Biggest Pepperoni Pizza in A Huge Mud Oven | Mubashir Saddique | Village Food Secrets,871K views,1 month ago
Black Francolin Sound Competition | 800 Kala Teetar Ka Muqabla | Mubashir Saddique | Village Food,907K views,1 month ago
Sub K Liye Biryani Banai | Kissanon Ki Routine | Mubashir Saddique | Village Food Secrets,379K views,2 months ago
BBQ Party With Family | Seekh Kabab | Grilled Kabab | Spicy Tikka | Mubashir Saddique | Village Food,502K views,2 months ago
20 KG Kashmiri Chicken Korma | Degh Style Chicken Qorma | Mubashir Saddique | Village Food Secrets,168K views,2 months ago
Mutton Legs Steam Roasted For Abu Jan On Fathers Day | Mubashir Saddique | Village Food Secrets,373K views,2 months ago
200 KG WHOLE BEEF ROAST | 4 Hours Roasting a Whole Buffalo in Tandoor | Beef Mandhi | Village Food,1.8M views,3 months ago
Al Baik VS KFC Tazaj Comparison | Al Baik Chicken Broast Saudi Arabia | Village Food Secrets,263K views,3 months ago
Must Watch Before Hair Transplant | Hair Transplant Complete Process and Final Results | Mubashir,716K views,3 months ago
Outdoor Multifunctional Wood Stoves From Iron Drums And Mud | Mubashir Saddique | Village Food,265K views,3 months ago
Ostrich Eggs Omelette | 1 Egg For 24 People’s | World Biggest Egg Cooking in Village | Mubashir,1.3M views,3 months ago
Hamaray Sath Dokha Ho Gaya 😭,655K views,3 months ago
100 KG Organic Wild Honey Harvesting | Biggest Honeycomb Harvesting in Forest | Village Food Secrets,1.3M views,4 months ago
Indian Street Food In Sialkot Pakistan | Masala Dosa | Mutton Muchli | Pani Puri Cocktail Milkshake,355K views,4 months ago
Eid Ka Din Kesay Guzra 😍😋,713K views,4 months ago
Potatoes Nuggets Recipe | Mubashir Saddique | Village Food Secrets,181K views,4 months ago
Spicy Chicken Pakora Cooking In Village | Mubashir Saddique | Village Food Secrets,188K views,4 months ago
KFC | KFC Fried Chicken | 20 KG Fried Chicken | Mubashir Saddique | Village Food Secrets,686K views,4 months ago
Ducks Cooking in Village | 9 Ducks Curry | King Of Curry | Mubashir Saddique | Village Food Secrets,509K views,5 months ago
Huge Beef Leg Cooking In Biggest Clay Pot | Katwa Gosht | Mubashir Saddique | Village Food Secrets,342K views,5 months ago
Dahi Bhindi Recipe | Bhindi ki Sabzi | Masala Bhindi | Mubashir Saddique | Village Food Secrets,119K views,5 months ago
Watermelon 🍉 Juice With Mint | Mubashir Saddique | Village Food Secrets,279K views,5 months ago
Drill My Borewell | Water Hand Pump Drilling And Installation | Mubashir | Village Food Secrets,360K views,5 months ago
